{"cameraMode":{"drawMode":0,"name":"Shaded","section":"Shading Mode"},"sceneLighting":true,"audioPlay":false,"sceneViewState":{"m_AlwaysRefresh":false,"showFog":true,"showSkybox":true,"showFlares":true,"showImageEffects":true,"showParticleSystems":true,"showVisualEffectGraphs":true,"m_FxEnabled":true},"in2DMode":false,"pivot":{"x":-3.9274282455444338,"y":4.925816535949707,"z":-0.35959234833717348},"rotation":{"x":-0.07033821940422058,"y":0.7012965679168701,"z":-0.06987535208463669,"w":-0.7059420943260193},"size":11.925186157226563,"orthographic":false}